Date,RBC Open,RBC High,RBC Low,RBC Close,RBC Adj Close,RBC Volume,BMO Open,BMO High,BMO Low,BMO Close,BMO Adj Close,BMO Volume,,Drop down,,,,,,,,,,,,,Date,RBC Volume,RBC Volume
1/21/2022,$115.65,$115.85,$113.15,$114.01,$109.46,1324000,$115.45,$115.94,$114.17,$114.87,$110.60,3369100,1,RBC Volume,,,,,,,,,,,,,1/21/2022,1324000,1324000
1/24/2022,$111.33,$112.62,$109.66,$112.42,$107.94,1183400,$112.89,$113.62,$110.79,$113.40,$109.19,3267500,2,RBC Volume,,,,,,,,,,,,,1/24/2022,1183400,1183400
1/25/2022,$111.64,$115.13,$110.55,$114.30,$109.74,908900,$111.70,$112.91,$110.11,$111.89,$108.64,2650900,STOCK,RBC,,,,,,,,,,,,,1/25/2022,908900,908900
1/26/2022,$115.78,$117.06,$114.84,$115.38,$110.78,1038300,$112.92,$113.61,$110.90,$111.61,$108.37,3378400,,,,,,,,,,,,,,,1/26/2022,1038300,1038300
1/27/2022,$116.39,$116.93,$113.37,$113.64,$109.11,778900,$112.48,$113.34,$111.11,$111.49,$108.26,1519700,,,,,,,,,,,,,,,1/27/2022,778900,778900
1/28/2022,$113.37,$113.37,$111.71,$113.06,$108.55,1589100,$111.62,$112.18,$110.93,$112.13,$108.88,1913600,,,,,,,,,,,,,,,1/28/2022,1589100,1589100
1/31/2022,$111.60,$113.62,$111.18,$113.18,$109.68,2471300,$112.01,$114.29,$111.92,$114.04,$110.73,1508500,,,,,,,,,,,,,,,1/31/2022,2471300,2471300
2/1/2022,$113.32,$114.99,$113.24,$114.78,$111.23,1488700,$114.23,$115.34,$113.80,$115.15,$111.81,1372400,,,,,,,,,,,,,,,2/1/2022,1488700,1488700
2/2/2022,$115.37,$117.36,$115.19,$117.11,$113.48,886300,$115.87,$116.32,$115.30,$115.86,$112.50,1361700,,,,,,,,,,,,,,,2/2/2022,886300,886300
2/3/2022,$116.84,$116.94,$116.13,$116.47,$112.86,1429700,$115.20,$115.94,$114.93,$115.13,$111.79,1329600,,,,,,,,,,,,,,,2/3/2022,1429700,1429700
2/4/2022,$115.94,$116.74,$115.19,$116.24,$112.64,613500,$114.73,$115.43,$114.19,$115.11,$111.77,1197300,,,,,,,,,,,,,,,2/4/2022,613500,613500
2/7/2022,$117.10,$117.39,$116.34,$117.03,$113.41,1330300,$115.43,$115.96,$114.86,$115.05,$111.71,1482900,,,,,,,,,,,,,,,2/7/2022,1330300,1330300
2/8/2022,$117.07,$118.54,$116.94,$118.24,$114.58,796700,$115.18,$116.25,$115.03,$116.03,$112.66,1555600,,,,,,,,,,,,,,,2/8/2022,796700,796700
2/9/2022,$118.76,$119.60,$118.43,$119.01,$115.33,546800,$116.63,$116.84,$115.27,$115.58,$112.23,1182600,,,,,,,,,,,,,,,2/9/2022,546800,546800
2/10/2022,$118.88,$120.87,$118.62,$119.16,$115.47,581600,$114.88,$116.15,$114.23,$114.46,$111.14,1187300,,,,,,,,,,,,,,,2/10/2022,581600,581600
2/11/2022,$118.75,$120.53,$117.78,$118.17,$114.51,737700,$114.48,$116.03,$114.17,$114.69,$111.36,1553500,,,,,,,,,,,,,,,2/11/2022,737700,737700
2/14/2022,$117.94,$118.03,$116.17,$116.87,$113.25,875200,$114.38,$114.42,$113.05,$113.90,$110.60,1415100,,,,,,,,,,,,,,,2/14/2022,875200,875200
2/15/2022,$118.12,$118.12,$116.60,$117.45,$113.81,688300,$114.61,$114.75,$113.55,$113.91,$110.61,1025500,,,,,,,,,,,,,,,2/15/2022,688300,688300
2/16/2022,$117.59,$118.58,$117.21,$117.93,$114.28,469100,$114.01,$114.98,$113.75,$114.32,$111.00,963600,,,,,,,,,,,,,,,2/16/2022,469100,469100
2/17/2022,$117.22,$117.69,$115.49,$115.66,$112.08,738800,$113.72,$113.75,$111.32,$111.34,$108.11,1113400,,,,,,,,,,,,,,,2/17/2022,738800,738800
2/18/2022,$115.94,$116.28,$114.60,$114.80,$111.25,769500,$111.29,$111.85,$110.25,$110.52,$107.31,1281000,,,,,,,,,,,,,,,2/18/2022,769500,769500
2/22/2022,$113.95,$115.59,$113.44,$114.70,$111.15,1977500,$110.35,$111.82,$110.19,$111.53,$108.29,2083900,,,,,,,,,,,,,,,2/22/2022,1977500,1977500
2/23/2022,$115.74,$115.88,$113.05,$113.24,$109.73,965200,$111.75,$112.16,$109.75,$109.91,$106.72,1572000,,,,,,,,,,,,,,,2/23/2022,965200,965200
2/24/2022,$108.81,$111.34,$108.38,$111.19,$107.75,1717700,$106.03,$108.04,$105.46,$107.48,$104.36,2299400,,,,,,,,,,,,,,,2/24/2022,1717700,1717700
2/25/2022,$112.32,$114.84,$112.12,$114.38,$110.84,1088000,$108.80,$110.89,$108.14,$110.49,$107.28,1802800,,,,,,,,,,,,,,,2/25/2022,1088000,1088000
2/28/2022,$112.20,$114.16,$112.20,$113.90,$110.37,1219800,$108.98,$110.83,$108.53,$110.42,$107.22,2782900,,,,Open,115.650002,,,,,,,,,,2/28/2022,1219800,1219800
3/1/2022,$115.36,$116.61,$112.32,$113.42,$109.91,1365600,$110.21,$110.58,$107.40,$107.80,$104.67,1601500,,,,Low,111.330002,,,,,,,,,,3/1/2022,1365600,1365600
3/2/2022,$114.93,$117.55,$114.64,$116.89,$113.27,887400,$108.75,$110.22,$108.68,$108.99,$105.83,1681200,,,,High,111.639999,,,,,,,,,,3/2/2022,887400,887400
3/3/2022,$117.23,$117.71,$115.91,$116.52,$112.91,774100,$109.03,$111.13,$108.88,$109.64,$106.46,1378200,,,,52 Week Low,81.57,,,,,,,,,,3/3/2022,774100,774100
3/4/2022,$114.25,$115.35,$113.20,$114.91,$111.35,889800,$108.07,$109.01,$107.29,$108.70,$105.55,1464600,,,,52 Week High,122.769997,,,,,,,,,,3/4/2022,889800,889800
3/7/2022,$113.38,$114.21,$111.08,$111.08,$107.64,1108300,$108.30,$108.46,$106.05,$106.40,$103.31,1790500,,,,,,,,,,,,,,,3/7/2022,1108300,1108300
3/8/2022,$111.47,$113.15,$109.80,$110.95,$107.52,1197300,$106.25,$107.08,$104.28,$105.02,$101.97,2051100,,,,,,,,,,,,,,,3/8/2022,1197300,1197300
3/9/2022,$113.50,$115.21,$112.80,$114.90,$111.34,883200,$106.69,$108.37,$106.69,$107.63,$104.51,1166000,,,,,,,,,,,,,,,3/9/2022,883200,883200
3/10/2022,$114.20,$115.61,$113.63,$114.80,$111.25,648200,$107.17,$108.53,$107.00,$108.28,$105.14,902400,,,,,,,,,,,,,,,3/10/2022,648200,648200
3/11/2022,$115.57,$116.71,$115.34,$115.49,$111.91,661200,$109.00,$109.88,$108.34,$108.38,$105.24,633100,,,,,,,,,,,,,,,3/11/2022,661200,661200
3/14/2022,$115.76,$117.43,$115.61,$116.01,$112.42,711700,$108.92,$110.05,$107.79,$108.47,$105.32,880200,,,,,,,,,,,,,,,3/14/2022,711700,711700
3/15/2022,$116.16,$116.58,$114.83,$116.33,$112.73,892000,$108.76,$109.91,$107.85,$109.72,$106.54,820700,,,,,,,,,,,,,,,3/15/2022,892000,892000
3/16/2022,$117.82,$119.77,$117.35,$119.38,$115.68,986300,$111.22,$111.89,$109.35,$111.08,$107.86,1361300,,,,,,,,,,,,,,,3/16/2022,986300,986300
3/17/2022,$119.05,$120.35,$118.84,$120.32,$116.60,747600,$110.82,$112.40,$110.69,$112.36,$109.10,865000,,,,,,,,,,,,,,,3/17/2022,747600,747600
3/18/2022,$119.62,$121.55,$119.37,$121.26,$117.51,942800,$112.33,$113.19,$111.35,$112.88,$109.61,1149000,,,,,,,,,,,,,,,3/18/2022,942800,942800
3/21/2022,$121.89,$122.18,$121.00,$121.38,$117.62,764700,$113.27,$113.55,$112.82,$113.40,$110.11,782200,,,,,,,,,,,,,,,3/21/2022,764700,764700
3/22/2022,$121.94,$122.77,$121.50,$122.34,$118.55,668100,$113.76,$114.55,$113.54,$113.82,$110.52,874900,,,,,,,,,,,,,,,3/22/2022,668100,668100
3/23/2022,$118.40,$118.94,$117.73,$117.76,$114.11,1451500,$113.13,$113.31,$111.54,$111.71,$108.47,822500,,,,,,,,,,,,,,,3/23/2022,1451500,1451500
3/24/2022,$118.21,$119.22,$117.93,$118.79,$115.11,779600,$112.52,$113.07,$111.47,$112.21,$108.95,595900,,,,,,,,,,,,,,,3/24/2022,779600,779600
3/25/2022,$118.93,$119.85,$118.90,$119.76,$116.05,635200,$112.40,$113.56,$112.28,$113.36,$110.07,618700,,,,,,,,,,,,,,,3/25/2022,635200,635200
3/28/2022,$119.25,$119.28,$118.12,$119.28,$115.59,520900,$112.93,$113.06,$111.71,$112.45,$109.19,681600,,,,,,,,,,,,,,,3/28/2022,520900,520900
3/29/2022,$120.10,$120.44,$118.91,$119.27,$115.58,663000,$113.47,$113.67,$112.19,$112.37,$109.11,1165400,,,,,,,,,,,,,,,3/29/2022,663000,663000
3/30/2022,$119.61,$119.88,$118.47,$118.73,$115.05,650800,$112.92,$113.06,$111.45,$112.12,$108.87,720200,,,,,,,,,,,,,,,3/30/2022,650800,650800
3/31/2022,$118.42,$119.27,$117.75,$117.97,$114.32,1277300,$111.58,$112.19,$110.19,$110.27,$107.07,811100,,,,,,,,,,,,,,,3/31/2022,1277300,1277300
4/1/2022,$118.65,$118.79,$116.47,$116.99,$113.37,712900,$110.64,$110.75,$108.79,$109.74,$106.56,639400,,,,,,,,,,,,,,,4/1/2022,712900,712900
4/4/2022,$117.01,$117.98,$116.36,$117.64,$114.00,537900,$110.00,$111.00,$109.39,$110.70,$107.49,741200,,,,,,,,,,,,,,,4/4/2022,537900,537900
4/5/2022,$117.76,$119.55,$117.46,$118.29,$114.63,713900,$110.73,$112.00,$110.22,$110.47,$107.27,702100,,,,,,,,,,,,,,,4/5/2022,713900,713900
4/6/2022,$117.91,$118.17,$116.25,$116.79,$113.17,749800,$110.04,$110.36,$108.91,$109.45,$106.27,847900,,,,,,,,,,,,,,,4/6/2022,749800,749800
4/7/2022,$116.32,$116.45,$113.44,$114.38,$110.84,800200,$109.24,$109.28,$107.08,$107.67,$104.55,874800,,,,,,,,,,,,,,,4/7/2022,800200,800200
4/8/2022,$114.42,$115.83,$114.39,$115.32,$111.75,507000,$107.69,$109.11,$107.61,$108.70,$105.55,630200,,,,,,,,,,,,,,,4/8/2022,507000,507000
4/11/2022,$114.98,$115.80,$114.19,$114.50,$110.96,671200,$108.82,$109.71,$108.41,$108.86,$105.70,828300,,,,,,,,,,,,,,,4/11/2022,671200,671200
4/12/2022,$114.53,$115.00,$112.75,$113.20,$109.70,521900,$108.86,$109.62,$107.40,$107.94,$104.81,900900,,,,,,,,,,,,,,,4/12/2022,521900,521900
4/13/2022,$112.51,$113.47,$111.53,$113.34,$109.83,671100,$107.43,$108.65,$106.95,$108.58,$105.43,788500,,,,,,,,,,,,,,,4/13/2022,671100,671100
4/14/2022,$113.39,$114.22,$113.14,$113.53,$110.02,487000,$108.55,$109.27,$108.30,$108.51,$105.36,683700,,,,,,,,,,,,,,,4/14/2022,487000,487000
4/18/2022,$113.15,$114.04,$112.95,$113.35,$109.84,403500,$108.32,$109.41,$108.10,$108.69,$105.54,575300,,,,,,,,,,,,,,,4/18/2022,403500,403500
4/19/2022,$113.83,$114.58,$113.23,$114.55,$111.00,451800,$108.98,$110.08,$108.60,$109.95,$106.76,2182000,,,,,,,,,,,,,,,4/19/2022,451800,451800
4/20/2022,$116.06,$118.48,$115.80,$117.41,$113.78,641200,$111.22,$111.97,$110.87,$111.22,$107.99,981900,,,,,,,,,,,,,,,4/20/2022,641200,641200
4/21/2022,$118.45,$118.97,$115.68,$116.00,$112.41,626100,$111.78,$112.67,$110.07,$110.18,$106.98,910900,,,,,,,,,,,,,,,4/21/2022,626100,626100
4/22/2022,$115.17,$115.27,$111.84,$112.03,$108.56,796800,$108.37,$108.61,$104.33,$104.41,$102.27,2273000,,,,,,,,,,,,,,,4/22/2022,796800,796800
4/25/2022,$111.25,$111.50,$108.84,$111.15,$107.71,995600,$103.48,$103.81,$101.71,$103.42,$101.30,1590300,,,,,,,,,,,,,,,4/25/2022,995600,995600
4/26/2022,$110.12,$111.03,$108.33,$108.37,$105.02,1806600,$102.57,$103.33,$101.46,$101.57,$99.48,838200,,,,,,,,,,,,,,,4/26/2022,1806600,1806600
4/27/2022,$108.00,$108.82,$107.12,$107.64,$104.31,792300,$101.10,$101.83,$100.44,$101.14,$99.06,1054700,,,,,,,,,,,,,,,4/27/2022,792300,792300
4/28/2022,$108.02,$109.74,$107.38,$109.19,$105.81,1181500,$101.47,$103.21,$101.21,$102.73,$100.62,748700,,,,,,,,,,,,,,,4/28/2022,1181500,1181500
4/29/2022,$108.43,$109.19,$105.80,$106.04,$103.74,1857000,$102.89,$103.43,$100.88,$101.03,$98.96,961400,,,,,,,,,,,,,,,4/29/2022,1857000,1857000
5/2/2022,$105.85,$106.33,$103.54,$105.18,$102.90,810000,$100.86,$101.10,$99.33,$100.74,$98.67,843000,,,,,,,,,,,,,,,5/2/2022,810000,810000
5/3/2022,$105.72,$108.02,$105.47,$107.40,$105.08,787000,$101.12,$102.91,$101.05,$102.05,$99.95,729900,,,,,,,,,,,,,,,5/3/2022,787000,787000
5/4/2022,$107.23,$108.68,$106.09,$108.55,$106.20,817300,$102.39,$104.28,$101.73,$104.13,$101.99,1050500,,,,,,,,,,,,,,,5/4/2022,817300,817300
5/5/2022,$108.19,$108.23,$104.54,$105.43,$103.15,807700,$103.54,$103.72,$100.85,$101.74,$99.65,804000,,,,,,,,,,,,,,,5/5/2022,807700,807700
5/6/2022,$105.10,$105.19,$103.65,$104.62,$102.36,727900,$101.64,$101.64,$99.75,$100.63,$98.56,805500,,,,,,,,,,,,,,,5/6/2022,727900,727900
5/9/2022,$103.31,$103.57,$101.56,$101.88,$99.67,767000,$99.13,$99.73,$97.99,$98.09,$96.08,1080700,,,,,,,,,,,,,,,5/9/2022,767000,767000
5/10/2022,$102.86,$103.57,$100.42,$101.14,$98.95,870100,$98.96,$99.73,$96.75,$97.04,$95.05,1474000,,,,,,,,,,,,,,,5/10/2022,870100,870100
5/11/2022,$101.82,$103.52,$100.67,$101.13,$98.94,774200,$97.17,$99.10,$96.54,$97.25,$95.25,1417300,,,,,,,,,,,,,,,5/11/2022,774200,774200
5/12/2022,$100.43,$100.81,$98.87,$100.32,$98.15,716100,$96.27,$96.89,$95.02,$96.14,$94.17,990300,,,,,,,,,,,,,,,5/12/2022,716100,716100
5/13/2022,$101.23,$102.55,$101.07,$102.16,$99.95,594200,$96.89,$98.36,$96.78,$98.05,$96.04,784300,,,,,,,,,,,,,,,5/13/2022,594200,594200
5/16/2022,$102.09,$103.71,$101.50,$103.39,$101.15,969400,$98.07,$99.19,$97.20,$98.77,$96.74,974800,,,,,,,,,,,,,,,5/16/2022,969400,969400
5/17/2022,$104.50,$105.78,$104.07,$105.43,$103.15,699700,$99.71,$100.51,$98.65,$99.28,$97.24,1530200,,,,,,,,,,,,,,,5/17/2022,699700,699700
5/18/2022,$104.79,$104.92,$102.71,$102.84,$100.61,588000,$98.67,$98.96,$97.28,$97.78,$95.77,900300,,,,,,,,,,,,,,,5/18/2022,588000,588000
5/19/2022,$102.25,$103.83,$101.75,$102.19,$99.98,730300,$97.52,$100.00,$97.24,$99.20,$97.16,1536800,,,,,,,,,,,,,,,5/19/2022,730300,730300
5/20/2022,$102.69,$103.68,$100.62,$102.05,$99.84,585700,$100.01,$100.19,$97.72,$99.17,$97.13,920700,,,,,,,,,,,,,,,5/20/2022,585700,585700
5/23/2022,$103.80,$105.80,$103.59,$104.66,$102.39,527000,$100.76,$101.84,$100.35,$100.78,$98.71,566900,,,,,,,,,,,,,,,5/23/2022,527000,527000
5/24/2022,$104.48,$104.55,$102.30,$104.17,$101.92,916300,$100.98,$101.22,$99.17,$100.49,$98.43,965800,,,,,,,,,,,,,,,5/24/2022,916300,916300
5/25/2022,$103.36,$105.15,$102.40,$103.66,$101.42,930900,$100.29,$100.98,$99.65,$100.35,$98.29,1484500,,,,,,,,,,,,,,,5/25/2022,930900,930900
5/26/2022,$104.27,$106.48,$103.94,$105.78,$103.49,892600,$100.78,$101.12,$99.70,$100.69,$98.62,1017900,,,,,,,,,,,,,,,5/26/2022,892600,892600
5/27/2022,$106.61,$107.40,$106.33,$107.38,$105.06,580800,$101.23,$103.43,$101.14,$103.04,$100.92,1136000,,,,,,,,,,,,,,,5/27/2022,580800,580800
5/31/2022,$108.28,$109.69,$107.32,$108.89,$106.53,946500,$103.65,$105.00,$103.22,$104.48,$102.34,995000,,,,,,,,,,,,,,,5/31/2022,946500,946500
6/1/2022,$109.39,$109.61,$107.52,$108.73,$106.38,634800,$105.00,$105.65,$104.17,$104.80,$102.65,868600,,,,,,,,,,,,,,,6/1/2022,634800,634800
6/2/2022,$108.51,$110.29,$108.07,$110.01,$107.63,533800,$104.84,$105.93,$104.33,$105.71,$103.54,572100,,,,,,,,,,,,,,,6/2/2022,533800,533800
6/3/2022,$109.50,$109.92,$108.54,$108.78,$106.43,416500,$105.03,$105.54,$104.59,$104.77,$102.62,615900,,,,,,,,,,,,,,,6/3/2022,416500,416500
6/6/2022,$110.01,$110.67,$109.21,$109.75,$107.37,430900,$105.41,$106.43,$105.15,$105.33,$103.17,570900,,,,,,,,,,,,,,,6/6/2022,430900,430900
6/7/2022,$109.10,$110.65,$109.02,$110.30,$107.91,407200,$104.90,$106.40,$104.75,$106.26,$104.08,559500,,,,,,,,,,,,,,,6/7/2022,407200,407200
6/8/2022,$109.82,$109.85,$108.16,$108.97,$106.61,513400,$105.95,$106.07,$104.41,$105.10,$102.94,875300,,,,,,,,,,,,,,,6/8/2022,513400,513400
6/9/2022,$108.27,$108.56,$105.99,$106.00,$103.71,755800,$104.68,$105.15,$103.05,$103.05,$100.93,875000,,,,,,,,,,,,,,,6/9/2022,755800,755800
6/10/2022,$104.01,$104.29,$102.46,$102.84,$100.61,843800,$101.33,$101.48,$99.98,$100.61,$98.54,1211300,,,,,,,,,,,,,,,6/10/2022,843800,843800
6/13/2022,$100.43,$101.17,$99.76,$100.30,$98.13,717500,$98.47,$99.03,$97.81,$98.26,$96.24,1428600,,,,,,,,,,,,,,,6/13/2022,717500,717500
6/14/2022,$100.39,$100.89,$98.46,$99.09,$96.95,541600,$98.30,$98.58,$96.44,$97.26,$95.26,1101000,,,,,,,,,,,,,,,6/14/2022,541600,541600
6/15/2022,$99.64,$101.42,$98.39,$100.34,$98.17,649700,$97.51,$99.25,$96.46,$98.20,$96.18,1047000,,,,,,,,,,,,,,,6/15/2022,649700,649700
6/16/2022,$98.32,$98.87,$97.27,$97.67,$95.56,796500,$96.68,$97.10,$95.11,$96.48,$94.50,1111900,,,,,,,,,,,,,,,6/16/2022,796500,796500
6/17/2022,$97.48,$98.07,$95.70,$96.20,$94.12,780600,$95.92,$96.56,$94.94,$95.59,$93.63,912300,,,,,,,,,,,,,,,6/17/2022,780600,780600
6/21/2022,$99.10,$99.32,$98.22,$98.58,$96.45,491500,$97.67,$98.30,$97.48,$97.83,$95.82,868600,,,,,,,,,,,,,,,6/21/2022,491500,491500
6/22/2022,$97.05,$97.40,$96.41,$96.73,$94.64,491800,$96.84,$97.50,$96.12,$96.74,$94.75,1054200,,,,,,,,,,,,,,,6/22/2022,491800,491800
6/23/2022,$96.50,$96.74,$93.43,$93.85,$91.82,695200,$96.48,$96.72,$94.23,$94.97,$93.02,902400,,,,,,,,,,,,,,,6/23/2022,695200,695200
6/24/2022,$94.62,$96.03,$94.22,$95.52,$93.45,557800,$95.50,$96.76,$95.31,$96.48,$94.50,1102000,,,,,,,,,,,,,,,6/24/2022,557800,557800
6/27/2022,$95.94,$96.95,$95.46,$96.73,$94.64,400800,$96.90,$97.48,$96.07,$96.86,$94.87,871700,,,,,,,,,,,,,,,6/27/2022,400800,400800
6/28/2022,$97.59,$98.49,$96.41,$96.81,$94.71,486600,$97.60,$98.73,$96.90,$97.31,$95.31,792300,,,,,,,,,,,,,,,6/28/2022,486600,486600
6/29/2022,$97.17,$97.17,$95.86,$96.35,$94.26,391100,$97.54,$98.32,$97.10,$97.68,$95.67,798300,,,,,,,,,,,,,,,6/29/2022,391100,391100
6/30/2022,$94.99,$96.38,$94.26,$96.17,$94.09,596600,$96.68,$97.05,$95.63,$96.82,$94.83,996100,,,,,,,,,,,,,,,6/30/2022,596600,596600
7/1/2022,$95.80,$97.26,$95.24,$96.97,$94.87,397200,$96.42,$97.81,$96.01,$97.45,$95.45,623500,,,,,,,,,,,,,,,7/1/2022,397200,397200
7/5/2022,$95.19,$95.51,$93.10,$94.83,$92.78,684700,$96.16,$96.50,$94.29,$95.77,$93.80,995500,,,,,,,,,,,,,,,7/5/2022,684700,684700
7/6/2022,$94.59,$95.69,$93.66,$95.42,$93.35,573500,$95.81,$96.45,$95.08,$96.25,$94.27,775100,,,,,,,,,,,,,,,7/6/2022,573500,573500
7/7/2022,$96.39,$97.77,$96.31,$97.33,$95.22,521100,$96.95,$98.77,$96.89,$98.24,$96.22,850300,,,,,,,,,,,,,,,7/7/2022,521100,521100
7/8/2022,$97.68,$98.02,$96.57,$97.48,$95.37,465900,$98.24,$99.15,$97.91,$98.42,$96.40,616600,,,,,,,,,,,,,,,7/8/2022,465900,465900
7/11/2022,$96.51,$96.92,$95.94,$96.59,$94.50,531100,$97.75,$98.20,$97.02,$97.92,$95.91,1007100,,,,,,,,,,,,,,,7/11/2022,531100,531100
7/12/2022,$95.71,$97.17,$95.71,$96.18,$94.10,572200,$97.38,$99.06,$97.18,$98.01,$96.00,885900,,,,,,,,,,,,,,,7/12/2022,572200,572200
7/13/2022,$95.31,$95.65,$94.00,$94.92,$92.87,689400,$97.47,$97.68,$95.95,$97.38,$95.38,1046500,,,,,,,,,,,,,,,7/13/2022,689400,689400
7/14/2022,$92.76,$92.76,$90.44,$91.10,$89.13,793100,$95.03,$95.09,$90.93,$91.09,$89.22,2289800,,,,,,,,,,,,,,,7/14/2022,793100,793100
7/15/2022,$92.37,$92.63,$91.22,$92.05,$90.06,691100,$92.20,$92.45,$90.75,$91.12,$89.25,1452000,,,,,,,,,,,,,,,7/15/2022,691100,691100
7/18/2022,$93.09,$94.90,$93.09,$93.41,$91.39,588000,$92.26,$94.48,$92.26,$93.07,$91.16,1026200,,,,,,,,,,,,,,,7/18/2022,588000,588000
7/19/2022,$94.56,$96.51,$94.56,$96.28,$94.20,1103800,$94.23,$95.97,$93.60,$95.78,$93.81,947200,,,,,,,,,,,,,,,7/19/2022,1103800,1103800
7/20/2022,$96.07,$97.03,$95.64,$96.92,$94.82,390900,$95.59,$96.20,$95.04,$96.06,$94.09,1331800,,,,,,,,,,,,,,,7/20/2022,390900,390900
7/21/2022,$96.70,$97.47,$95.75,$97.41,$95.30,408700,$95.96,$96.57,$95.04,$96.40,$94.42,695900,,,,,,,,,,,,,,,7/21/2022,408700,408700
7/22/2022,$97.57,$98.15,$96.40,$97.02,$94.92,437600,$96.53,$97.12,$95.34,$95.74,$93.77,1889900,,,,,,,,,,,,,,,7/22/2022,437600,437600
7/25/2022,$97.52,$98.69,$97.42,$98.51,$96.38,461600,$95.59,$96.42,$95.31,$95.90,$94.91,1965300,,,,,,,,,,,,,,,7/25/2022,461600,461600
7/26/2022,$97.88,$98.65,$97.25,$97.64,$95.53,428800,$95.16,$96.02,$94.16,$94.55,$93.58,535100,,,,,,,,,,,,,,,7/26/2022,428800,428800
7/27/2022,$98.04,$99.86,$97.68,$99.31,$97.16,505700,$94.82,$96.20,$94.56,$95.68,$94.70,854300,,,,,,,,,,,,,,,7/27/2022,505700,505700
7/28/2022,$99.34,$99.92,$98.35,$99.72,$97.56,526600,$95.85,$96.73,$94.78,$96.53,$95.54,834300,,,,,,,,,,,,,,,7/28/2022,526600,526600
7/29/2022,$99.87,$101.22,$99.74,$100.72,$99.62,1799300,$96.76,$98.15,$96.53,$97.51,$96.51,656700,,,,,,,,,,,,,,,7/29/2022,1799300,1799300
8/1/2022,$99.38,$99.81,$98.09,$98.84,$97.76,1994000,$97.16,$97.60,$96.75,$97.26,$96.26,453800,,,,,,,,,,,,,,,8/1/2022,1994000,1994000
8/2/2022,$98.63,$98.98,$97.39,$98.04,$96.97,585800,$96.35,$97.32,$96.00,$96.49,$95.50,552200,,,,,,,,,,,,,,,8/2/2022,585800,585800
8/3/2022,$98.19,$99.77,$98.04,$99.25,$98.17,475500,$97.13,$98.79,$96.94,$98.36,$97.35,720600,,,,,,,,,,,,,,,8/3/2022,475500,475500
8/4/2022,$99.26,$99.27,$98.29,$98.76,$97.69,362000,$98.26,$98.42,$97.58,$98.37,$97.36,1099600,,,,,,,,,,,,,,,8/4/2022,362000,362000
8/5/2022,$98.09,$98.98,$97.83,$98.97,$97.89,405300,$97.73,$97.98,$97.14,$97.77,$96.76,410700,,,,,,,,,,,,,,,8/5/2022,405300,405300
8/8/2022,$99.74,$100.00,$99.04,$99.35,$98.27,335700,$98.48,$98.48,$96.80,$96.90,$95.90,560200,,,,,,,,,,,,,,,8/8/2022,335700,335700
8/9/2022,$99.20,$99.43,$98.03,$98.51,$97.44,906500,$96.91,$97.09,$95.94,$96.36,$95.37,619700,,,,,,,,,,,,,,,8/9/2022,906500,906500
8/10/2022,$99.85,$101.64,$99.85,$101.09,$99.99,583800,$97.54,$98.95,$97.40,$98.45,$97.44,659800,,,,,,,,,,,,,,,8/10/2022,583800,583800
8/11/2022,$101.84,$102.62,$101.70,$102.01,$100.90,326800,$99.02,$99.80,$98.96,$99.34,$98.32,416700,,,,,,,,,,,,,,,8/11/2022,326800,326800
8/12/2022,$102.42,$104.15,$102.18,$103.91,$102.78,464600,$99.75,$100.45,$99.20,$100.26,$99.23,593100,,,,,,,,,,,,,,,8/12/2022,464600,464600
8/15/2022,$102.56,$103.54,$101.98,$103.34,$102.22,357700,$98.97,$99.62,$98.49,$99.54,$98.52,497800,,,,,,,,,,,,,,,8/15/2022,357700,357700
8/16/2022,$103.09,$105.40,$103.09,$105.16,$104.02,497900,$99.50,$100.98,$99.35,$100.70,$99.66,534600,,,,,,,,,,,,,,,8/16/2022,497900,497900
8/17/2022,$103.87,$104.60,$103.57,$104.32,$103.18,385000,$99.75,$100.27,$99.36,$100.00,$98.97,541200,,,,,,,,,,,,,,,8/17/2022,385000,385000
8/18/2022,$104.16,$105.23,$103.99,$104.87,$103.73,592700,$100.38,$100.50,$99.92,$100.21,$99.18,374900,,,,,,,,,,,,,,,8/18/2022,592700,592700
8/19/2022,$104.34,$104.67,$102.84,$103.07,$101.95,385900,$99.54,$99.80,$98.66,$99.30,$98.28,483000,,,,,,,,,,,,,,,8/19/2022,385900,385900
8/22/2022,$101.78,$101.81,$101.10,$101.23,$100.13,393200,$98.25,$98.29,$97.14,$97.80,$96.79,768800,,,,,,,,,,,,,,,8/22/2022,393200,393200
8/23/2022,$101.45,$101.75,$100.19,$101.27,$100.17,542500,$97.45,$97.93,$96.81,$97.52,$96.52,694100,,,,,,,,,,,,,,,8/23/2022,542500,542500
8/24/2022,$100.25,$100.76,$99.23,$99.69,$98.60,836300,$95.00,$95.29,$93.84,$95.01,$94.03,1663900,,,,,,,,,,,,,,,8/24/2022,836300,836300
8/25/2022,$100.12,$101.04,$99.60,$100.23,$99.14,652500,$95.33,$97.85,$95.10,$97.34,$96.34,860300,,,,,,,,,,,,,,,8/25/2022,652500,652500
8/26/2022,$100.61,$101.16,$98.25,$98.48,$97.41,608200,$97.79,$97.96,$95.85,$95.85,$94.86,725900,,,,,,,,,,,,,,,8/26/2022,608200,608200
8/29/2022,$98.00,$98.41,$97.28,$98.08,$97.01,586700,$95.01,$96.33,$94.90,$96.17,$95.18,545900,,,,,,,,,,,,,,,8/29/2022,586700,586700
8/30/2022,$96.78,$97.04,$94.82,$94.98,$93.95,997300,$96.26,$96.66,$93.74,$94.03,$93.06,616800,,,,,,,,,,,,,,,8/30/2022,997300,997300
8/31/2022,$94.25,$94.43,$92.23,$92.24,$91.24,1020900,$93.93,$94.04,$93.04,$93.04,$92.08,618800,,,,,,,,,,,,,,,8/31/2022,1020900,1020900
9/1/2022,$91.72,$92.28,$90.41,$92.18,$91.18,983900,$92.33,$92.75,$91.07,$92.65,$91.70,682200,,,,,,,,,,,,,,,9/1/2022,983900,983900
9/2/2022,$93.59,$94.43,$92.33,$92.70,$91.69,669200,$93.70,$95.25,$93.26,$93.64,$92.68,714900,,,,,,,,,,,,,,,9/2/2022,669200,669200
9/6/2022,$93.23,$93.39,$91.10,$91.63,$90.63,779800,$93.90,$94.24,$92.11,$93.16,$92.20,688100,,,,,,,,,,,,,,,9/6/2022,779800,779800
9/7/2022,$90.94,$92.75,$90.60,$92.58,$91.57,775600,$92.93,$94.68,$92.20,$94.47,$93.50,634800,,,,,,,,,,,,,,,9/7/2022,775600,775600
9/8/2022,$92.02,$95.00,$91.69,$94.98,$93.95,723600,$94.10,$96.18,$93.69,$95.94,$94.95,777300,,,,,,,,,,,,,,,9/8/2022,723600,723600
9/9/2022,$95.87,$98.02,$95.87,$97.84,$96.78,787100,$96.84,$98.28,$96.84,$98.04,$97.03,587100,,,,,,,,,,,,,,,9/9/2022,787100,787100
9/12/2022,$98.94,$99.94,$98.60,$99.08,$98.00,755900,$98.95,$99.77,$98.60,$99.31,$98.29,662400,,,,,,,,,,,,,,,9/12/2022,755900,755900
9/13/2022,$96.71,$97.15,$95.22,$95.63,$94.59,775500,$97.46,$97.95,$96.03,$96.38,$95.39,661900,,,,,,,,,,,,,,,9/13/2022,775500,775500
9/14/2022,$95.82,$96.64,$95.06,$96.44,$95.39,798700,$96.85,$97.25,$95.86,$96.42,$95.43,507000,,,,,,,,,,,,,,,9/14/2022,798700,798700
9/15/2022,$96.16,$97.87,$95.98,$96.64,$95.59,1039400,$96.35,$97.95,$95.93,$96.67,$95.68,621000,,,,,,,,,,,,,,,9/15/2022,1039400,1039400
9/16/2022,$95.15,$95.82,$94.72,$95.54,$94.50,707500,$95.50,$95.79,$94.75,$95.31,$94.33,862400,,,,,,,,,,,,,,,9/16/2022,707500,707500
9/19/2022,$94.44,$96.36,$94.05,$96.34,$95.29,632800,$94.29,$96.46,$93.96,$96.26,$95.27,589100,,,,,,,,,,,,,,,9/19/2022,632800,632800
9/20/2022,$95.28,$95.38,$93.56,$94.34,$93.31,473000,$95.57,$95.57,$94.35,$95.24,$94.26,572500,,,,,,,,,,,,,,,9/20/2022,473000,473000
9/21/2022,$94.72,$94.82,$92.90,$92.90,$91.89,735100,$95.51,$95.68,$93.39,$93.39,$92.43,647400,,,,,,,,,,,,,,,9/21/2022,735100,735100
9/22/2022,$93.18,$93.67,$91.80,$91.93,$90.93,435600,$93.50,$93.80,$92.53,$92.68,$91.73,578500,,,,,,,,,,,,,,,9/22/2022,435600,435600
9/23/2022,$90.70,$90.79,$88.39,$89.39,$88.42,993400,$91.42,$91.65,$89.90,$90.78,$89.85,784400,,,,,,,,,,,,,,,9/23/2022,993400,993400
9/26/2022,$88.55,$89.78,$87.95,$89.00,$88.03,683300,$89.76,$91.12,$89.29,$90.20,$89.27,666100,,,,,,,,,,,,,,,9/26/2022,683300,683300
9/27/2022,$89.43,$89.93,$87.67,$87.90,$86.94,896900,$91.02,$91.23,$89.34,$89.57,$88.65,936200,,,,,,,,,,,,,,,9/27/2022,896900,896900
9/28/2022,$87.66,$90.76,$87.28,$90.40,$89.42,948900,$89.50,$92.03,$89.18,$91.54,$90.60,1100400,,,,,,,,,,,,,,,9/28/2022,948900,948900
9/29/2022,$89.68,$89.68,$87.49,$88.50,$87.54,818500,$90.82,$91.19,$89.64,$90.84,$89.91,805700,,,,,,,,,,,,,,,9/29/2022,818500,818500
9/30/2022,$88.82,$89.78,$87.37,$87.64,$86.69,885200,$91.10,$91.84,$89.80,$90.04,$89.11,912900,,,,,,,,,,,,,,,9/30/2022,885200,885200
10/3/2022,$88.87,$90.86,$88.33,$90.41,$89.43,1099300,$91.25,$92.70,$90.73,$92.01,$91.06,974600,,,,,,,,,,,,,,,10/3/2022,1099300,1099300
10/4/2022,$91.23,$93.06,$91.23,$92.71,$91.70,868200,$93.07,$95.51,$92.87,$95.21,$94.23,1041400,,,,,,,,,,,,,,,10/4/2022,868200,868200
10/5/2022,$91.02,$91.85,$90.19,$91.67,$90.67,709600,$93.55,$94.33,$92.98,$94.16,$93.19,1038700,,,,,,,,,,,,,,,10/5/2022,709600,709600
10/6/2022,$90.81,$90.82,$87.84,$88.13,$87.17,979900,$93.42,$93.76,$89.92,$90.59,$89.66,1037800,,,,,,,,,,,,,,,10/6/2022,979900,979900
10/7/2022,$87.56,$87.80,$85.58,$85.82,$84.89,774900,$90.27,$90.42,$87.93,$88.06,$87.15,1133600,,,,,,,,,,,,,,,10/7/2022,774900,774900
10/10/2022,$86.28,$86.49,$85.23,$85.40,$84.47,346300,$88.65,$88.84,$87.58,$87.72,$86.82,503800,,,,,,,,,,,,,,,10/10/2022,346300,346300
10/11/2022,$84.78,$84.80,$82.93,$83.26,$82.35,831300,$87.39,$87.39,$85.28,$85.51,$84.63,931000,,,,,,,,,,,,,,,10/11/2022,831300,831300
10/12/2022,$83.28,$84.85,$82.79,$84.07,$83.15,591000,$85.51,$86.52,$85.14,$85.83,$84.95,694100,,,,,,,,,,,,,,,10/12/2022,591000,591000
10/13/2022,$82.36,$87.65,$81.57,$86.98,$86.03,1038700,$84.21,$89.44,$83.63,$88.73,$87.82,1111700,,,,,,,,,,,,,,,10/13/2022,1038700,1038700
10/14/2022,$87.52,$88.29,$85.86,$85.99,$85.05,873600,$89.14,$89.84,$87.68,$87.81,$86.91,649200,,,,,,,,,,,,,,,10/14/2022,873600,873600
10/17/2022,$87.75,$89.38,$87.75,$88.80,$87.83,635300,$89.61,$90.74,$89.31,$89.99,$89.06,542100,,,,,,,,,,,,,,,10/17/2022,635300,635300
10/18/2022,$90.40,$90.78,$88.99,$89.68,$88.70,885900,$91.47,$91.84,$89.93,$90.34,$89.41,1132800,,,,,,,,,,,,,,,10/18/2022,885900,885900
10/19/2022,$89.04,$89.31,$87.16,$87.82,$86.86,654500,$89.95,$90.15,$88.60,$89.60,$88.68,450500,,,,,,,,,,,,,,,10/19/2022,654500,654500
10/20/2022,$88.22,$89.27,$87.01,$87.33,$86.38,564500,$89.53,$90.44,$87.96,$88.37,$87.46,1737300,,,,,,,,,,,,,,,10/20/2022,564500,564500
10/21/2022,$87.39,$90.04,$87.02,$89.87,$88.89,757400,$88.79,$90.79,$88.07,$90.72,$89.79,771000,,,,,,,,,,,,,,,10/21/2022,757400,757400
10/24/2022,$90.17,$90.29,$89.04,$89.86,$88.88,621700,$91.12,$91.23,$90.09,$90.81,$89.88,2053900,,,,,,,,,,,,,,,10/24/2022,621700,621700
10/25/2022,$89.50,$91.69,$89.48,$91.58,$90.58,506100,$89.37,$91.25,$89.34,$91.02,$91.02,1920900,,,,,,,,,,,,,,,10/25/2022,506100,506100
10/26/2022,$91.55,$94.21,$91.44,$92.93,$91.92,952600,$90.94,$92.58,$90.79,$91.64,$91.64,782500,,,,,,,,,,,,,,,10/26/2022,952600,952600
10/27/2022,$93.38,$94.32,$92.72,$93.20,$92.19,567200,$92.29,$93.16,$91.69,$91.95,$91.95,457800,,,,,,,,,,,,,,,10/27/2022,567200,567200
10/28/2022,$93.03,$94.12,$92.85,$93.90,$92.88,1938600,$91.76,$92.45,$91.56,$92.25,$92.25,598000,,,,,,,,,,,,,,,10/28/2022,1938600,1938600
10/31/2022,$92.01,$93.04,$91.89,$92.08,$92.08,1938600,$91.87,$92.77,$91.82,$92.47,$92.47,543400,,,,,,,,,,,,,,,10/31/2022,1938600,1938600
11/1/2022,$93.37,$93.43,$91.55,$91.95,$91.95,752000,$93.35,$93.91,$92.21,$92.47,$92.47,643600,,,,,,,,,,,,,,,11/1/2022,752000,752000
11/2/2022,$92.12,$93.43,$90.90,$91.11,$91.11,856200,$92.49,$94.26,$91.58,$91.72,$91.72,748300,,,,,,,,,,,,,,,11/2/2022,856200,856200
11/3/2022,$89.82,$91.15,$89.42,$90.53,$90.53,519000,$90.71,$91.66,$90.32,$91.26,$91.26,597900,,,,,,,,,,,,,,,11/3/2022,519000,519000
11/4/2022,$93.00,$94.20,$92.58,$94.17,$94.17,815500,$93.32,$94.71,$93.18,$94.45,$94.45,691900,,,,,,,,,,,,,,,11/4/2022,815500,815500
11/7/2022,$94.47,$95.03,$94.11,$94.69,$94.69,495500,$94.67,$95.36,$94.28,$95.04,$95.04,669400,,,,,,,,,,,,,,,11/7/2022,495500,495500
11/8/2022,$95.15,$96.29,$94.75,$95.69,$95.69,652600,$95.30,$96.70,$94.98,$95.81,$95.81,522100,,,,,,,,,,,,,,,11/8/2022,652600,652600
11/9/2022,$95.15,$95.15,$93.56,$93.61,$93.61,662500,$95.42,$96.02,$94.20,$94.37,$94.37,721500,,,,,,,,,,,,,,,11/9/2022,662500,662500
11/10/2022,$96.79,$98.84,$96.26,$98.63,$98.63,948100,$96.22,$98.28,$96.03,$98.18,$98.18,828800,,,,,,,,,,,,,,,11/10/2022,948100,948100
11/11/2022,$99.22,$101.20,$98.69,$100.16,$100.16,708500,$98.78,$99.81,$98.20,$99.28,$99.28,599400,,,,,,,,,,,,,,,11/11/2022,708500,708500
11/14/2022,$99.87,$100.30,$99.26,$99.28,$99.28,490700,$99.20,$99.45,$98.68,$98.88,$98.88,628600,,,,,,,,,,,,,,,11/14/2022,490700,490700
11/15/2022,$100.16,$100.66,$98.85,$99.61,$99.61,536400,$99.70,$100.05,$98.15,$99.17,$99.17,484100,,,,,,,,,,,,,,,11/15/2022,536400,536400
11/16/2022,$99.59,$99.77,$97.96,$98.85,$98.85,363400,$99.06,$99.21,$98.18,$98.63,$98.63,435100,,,,,,,,,,,,,,,11/16/2022,363400,363400
11/17/2022,$97.56,$98.58,$97.16,$98.44,$98.44,425000,$97.54,$99.33,$97.54,$99.28,$99.28,312100,,,,,,,,,,,,,,,11/17/2022,425000,425000
11/18/2022,$98.74,$99.20,$98.36,$98.79,$98.79,443500,$99.43,$99.98,$99.01,$99.13,$99.13,578500,,,,,,,,,,,,,,,11/18/2022,443500,443500
11/21/2022,$98.22,$98.71,$97.04,$97.42,$97.42,927300,$98.64,$98.94,$97.98,$98.80,$98.80,397300,,,,,,,,,,,,,,,11/21/2022,927300,927300
11/22/2022,$97.98,$98.98,$97.74,$98.71,$98.71,588800,$99.31,$101.06,$98.98,$100.81,$100.81,685400,,,,,,,,,,,,,,,11/22/2022,588800,588800
11/23/2022,$98.37,$99.54,$98.37,$99.38,$99.38,753300,$100.60,$101.43,$100.07,$100.89,$100.89,648600,,,,,,,,,,,,,,,11/23/2022,753300,753300
11/25/2022,$99.25,$99.77,$99.01,$99.33,$99.33,232900,$100.80,$101.31,$100.80,$100.90,$100.90,185900,,,,,,,,,,,,,,,11/25/2022,232900,232900
11/28/2022,$97.99,$98.51,$96.16,$96.32,$96.32,601900,$100.18,$100.79,$98.50,$98.64,$98.64,736500,,,,,,,,,,,,,,,11/28/2022,601900,601900
11/29/2022,$96.19,$96.57,$95.10,$96.10,$96.10,581900,$97.89,$98.64,$96.75,$98.41,$98.41,863200,,,,,,,,,,,,,,,11/29/2022,581900,581900
11/30/2022,$96.30,$98.01,$95.47,$97.83,$97.83,990700,$99.92,$99.94,$97.15,$99.78,$99.78,1409800,,,,,,,,,,,,,,,11/30/2022,990700,990700
12/1/2022,$97.78,$99.23,$96.45,$99.02,$99.02,897000,$100.10,$100.96,$98.95,$100.26,$100.26,810700,,,,,,,,,,,,,,,12/1/2022,897000,897000
12/2/2022,$98.20,$100.12,$97.87,$99.84,$99.84,873800,$99.28,$100.20,$99.18,$99.64,$99.64,683600,,,,,,,,,,,,,,,12/2/2022,873800,873800
12/5/2022,$99.61,$100.13,$97.24,$97.84,$97.84,692400,$99.57,$99.70,$97.83,$98.26,$98.26,667600,,,,,,,,,,,,,,,12/5/2022,692400,692400
12/6/2022,$97.28,$97.65,$93.98,$94.55,$94.55,678700,$98.18,$98.27,$96.03,$96.85,$96.85,543400,,,,,,,,,,,,,,,12/6/2022,678700,678700
12/7/2022,$94.17,$95.79,$94.04,$94.16,$94.16,451200,$96.67,$97.30,$96.35,$96.63,$96.63,529500,,,,,,,,,,,,,,,12/7/2022,451200,451200
12/8/2022,$94.72,$95.05,$92.06,$92.56,$92.56,871100,$97.18,$97.44,$96.03,$96.64,$96.64,461000,,,,,,,,,,,,,,,12/8/2022,871100,871100
12/9/2022,$92.00,$92.96,$91.74,$92.43,$92.43,416100,$96.20,$96.74,$95.84,$95.93,$95.93,479200,,,,,,,,,,,,,,,12/9/2022,416100,416100
12/12/2022,$91.76,$91.93,$90.56,$91.82,$91.82,600500,$96.06,$97.20,$95.41,$96.98,$96.98,564900,,,,,,,,,,,,,,,12/12/2022,600500,600500
12/13/2022,$90.08,$92.56,$90.04,$90.66,$90.66,1235200,$98.55,$98.64,$95.02,$95.97,$95.97,7273400,,,,,,,,,,,,,,,12/13/2022,1235200,1235200
12/14/2022,$90.45,$91.48,$89.71,$90.19,$90.19,649800,$95.95,$96.56,$95.02,$95.48,$95.48,838800,,,,,,,,,,,,,,,12/14/2022,649800,649800
12/15/2022,$88.96,$89.62,$87.83,$88.35,$88.35,784800,$94.42,$94.76,$93.14,$93.79,$93.79,921000,,,,,,,,,,,,,,,12/15/2022,784800,784800
12/16/2022,$87.53,$88.63,$87.53,$88.04,$88.04,692400,$92.98,$94.06,$92.88,$93.45,$93.45,2320800,,,,,,,,,,,,,,,12/16/2022,692400,692400
12/19/2022,$88.66,$89.21,$87.46,$87.94,$87.94,681700,$93.90,$94.25,$92.51,$92.81,$92.81,643200,,,,,,,,,,,,,,,12/19/2022,681700,681700
12/20/2022,$88.44,$89.83,$88.31,$89.39,$89.39,538200,$93.41,$94.38,$93.12,$93.67,$93.67,609300,,,,,,,,,,,,,,,12/20/2022,538200,538200
12/21/2022,$90.10,$91.20,$90.10,$90.52,$90.52,771000,$93.82,$95.05,$93.82,$94.57,$94.57,642600,,,,,,,,,,,,,,,12/21/2022,771000,771000
12/22/2022,$89.88,$90.05,$88.48,$89.49,$89.49,480500,$93.83,$93.97,$92.36,$93.66,$93.66,1221700,,,,,,,,,,,,,,,12/22/2022,480500,480500
12/23/2022,$89.52,$90.32,$89.32,$90.30,$90.30,363800,$93.31,$94.52,$93.31,$94.37,$94.37,846300,,,,,,,,,,,,,,,12/23/2022,363800,363800
12/27/2022,$90.31,$90.83,$90.06,$90.73,$90.73,221100,$94.84,$95.20,$94.24,$94.85,$94.85,273200,,,,,,,,,,,,,,,12/27/2022,221100,221100
12/28/2022,$90.77,$91.27,$89.44,$89.63,$89.63,621000,$94.81,$95.30,$93.62,$93.74,$93.74,814300,,,,,,,,,,,,,,,12/28/2022,621000,621000
12/29/2022,$90.09,$91.28,$90.09,$91.19,$91.19,478900,$94.36,$95.16,$94.08,$95.03,$95.03,1135800,,,,,,,,,,,,,,,12/29/2022,478900,478900
12/30/2022,$90.94,$91.29,$90.10,$90.60,$90.60,300800,$94.51,$95.16,$93.47,$94.02,$94.02,755700,,,,,,,,,,,,,,,12/30/2022,300800,300800
1/3/2023,$90.75,$91.53,$90.46,$91.04,$91.04,572800,$94.01,$94.51,$93.30,$93.67,$93.67,786000,,,,,,,,,,,,,,,1/3/2023,572800,572800
1/4/2023,$92.31,$94.27,$92.13,$93.63,$93.63,610200,$95.00,$96.45,$94.54,$95.81,$95.81,817400,,,,,,,,,,,,,,,1/4/2023,610200,610200
1/5/2023,$93.00,$93.00,$91.91,$92.79,$92.79,411200,$94.81,$95.37,$94.11,$94.80,$94.80,500700,,,,,,,,,,,,,,,1/5/2023,411200,411200
1/6/2023,$93.50,$95.29,$92.91,$95.13,$95.13,507200,$95.31,$97.07,$94.98,$96.98,$96.98,582800,,,,,,,,,,,,,,,1/6/2023,507200,507200
1/9/2023,$95.51,$96.28,$95.19,$95.40,$95.40,467600,$97.22,$98.64,$97.22,$98.16,$98.16,779300,,,,,,,,,,,,,,,1/9/2023,467600,467600
1/10/2023,$95.42,$95.65,$94.75,$95.09,$95.09,350000,$98.42,$99.09,$97.96,$98.97,$98.97,1385700,,,,,,,,,,,,,,,1/10/2023,350000,350000
1/11/2023,$95.51,$96.30,$95.51,$96.03,$96.03,723400,$99.20,$99.65,$98.54,$98.94,$98.94,806500,,,,,,,,,,,,,,,1/11/2023,723400,723400
1/12/2023,$96.92,$97.57,$95.89,$97.26,$97.26,708700,$99.46,$100.38,$98.74,$99.88,$99.88,890200,,,,,,,,,,,,,,,1/12/2023,708700,708700
1/13/2023,$96.31,$98.07,$96.08,$97.95,$97.95,526400,$99.14,$100.55,$99.01,$100.27,$100.27,729000,,,,,,,,,,,,,,,1/13/2023,526400,526400
1/17/2023,$98.36,$98.72,$97.87,$98.59,$98.59,555200,$100.78,$101.30,$100.42,$101.07,$101.07,883500,,,,,,,,,,,,,,,1/17/2023,555200,555200
1/18/2023,$98.60,$99.49,$97.27,$97.27,$97.27,563100,$101.24,$101.57,$99.61,$99.66,$99.66,758100,,,,,,,,,,,,,,,1/18/2023,563100,563100
1/19/2023,$96.89,$97.66,$96.19,$97.56,$97.56,473600,$99.42,$100.07,$99.07,$99.87,$99.87,686400,,,,,,,,,,,,,,,1/19/2023,473600,473600
1/20/2023,$97.57,$98.95,$96.83,$98.85,$98.85,325600,$100.00,$100.69,$99.15,$100.68,$100.68,1730400,,,,,,,,,,,,,,,1/20/2023,325600,325600
